<?xml version="1.0" encoding="UTF-8" standalone="no"?>
<level image="DeathValleyBackground.png" name="Cali">
     <intersections>
          <intersection id="0" open="true" x="265" y="242"/>
          <intersection id="1" open="true" x="982" y="261"/>
          <intersection id="2" open="false" x="745" y="88"/>
          <intersection id="3" open="false" x="503" y="378"/>
          <intersection id="4" open="false" x="741" y="403"/>
          <intersection id="5" open="true" x="436" y="91"/>
          <intersection id="6" open="true" x="472" y="200"/>
          <intersection id="7" open="false" x="616" y="91"/>
          <intersection id="8" open="false" x="598" y="302"/>
          <intersection id="9" open="false" x="680" y="172"/>
          <intersection id="10" open="true" x="370" y="453"/>
          <intersection id="11" open="true" x="517" y="463"/>
          <intersection id="12" open="true" x="686" y="474"/>
     </intersections>
     <roads>
          <road int_id1="0" int_id2="3" one_way="false" speed_limit="30"/>
          <road int_id1="2" int_id2="1" one_way="false" speed_limit="30"/>
          <road int_id1="3" int_id2="4" one_way="false" speed_limit="50"/>
          <road int_id1="4" int_id2="2" one_way="false" speed_limit="100"/>
          <road int_id1="4" int_id2="1" one_way="true" speed_limit="30"/>
          <road int_id1="0" int_id2="5" one_way="false" speed_limit="30"/>
          <road int_id1="5" int_id2="6" one_way="false" speed_limit="30"/>
          <road int_id1="6" int_id2="8" one_way="false" speed_limit="30"/>
          <road int_id1="5" int_id2="7" one_way="false" speed_limit="30"/>
          <road int_id1="6" int_id2="9" one_way="false" speed_limit="30"/>
          <road int_id1="8" int_id2="9" one_way="false" speed_limit="30"/>
          <road int_id1="7" int_id2="9" one_way="false" speed_limit="30"/>
          <road int_id1="7" int_id2="2" one_way="false" speed_limit="30"/>
     </roads>
     <start_intersection id="0" image="DefaultStartLocation.png"/>
     <destination_intersection id="1" image="DefaultDestination.png"/>
     <money amount="200"/>
     <police num="3"/>
     <bandits num="4"/>
     <zombies num="5"/>
</level>
