<?xml version="1.0" encoding="UTF-8"?>
<project-private xmlns="http://www.netbeans.org/ns/project-private/1">
    <editor-bookmarks xmlns="http://www.netbeans.org/ns/editor-bookmarks/2" lastBookmarkId="0"/>
    <open-files xmlns="http://www.netbeans.org/ns/projectui-open-files/2">
        <group>
            <file>file:/C:/Users/Harrison/Documents/RTM/StonyBrook/Courses/CSE219/Spring2014/projects/hw5/pathXLevelEditor/src/pathX/level_editor/model/Viewport.java</file>
            <file>file:/C:/Users/Harrison/Documents/RTM/StonyBrook/Courses/CSE219/Spring2014/projects/hw5/pathXLevelEditor/src/pathX/level_editor/controller/PXLE_FileController.java</file>
            <file>file:/C:/Users/Harrison/Documents/RTM/StonyBrook/Courses/CSE219/Spring2014/projects/hw5/pathXLevelEditor/src/pathX/level_editor/controller/PXLE_KeyController.java</file>
            <file>file:/C:/Users/Harrison/Documents/RTM/StonyBrook/Courses/CSE219/Spring2014/projects/hw5/pathXLevelEditor/src/pathX/level_editor/model/Intersection.java</file>
            <file>file:/C:/Users/Harrison/Documents/RTM/StonyBrook/Courses/CSE219/Spring2014/projects/hw5/pathXLevelEditor/src/pathX/level_editor/view/PXLE_View.java</file>
            <file>file:/C:/Users/Harrison/Documents/RTM/StonyBrook/Courses/CSE219/Spring2014/projects/hw5/pathXLevelEditor/src/pathX/level_editor/files/PXLE_Files.java</file>
            <file>file:/C:/Users/Harrison/Documents/RTM/StonyBrook/Courses/CSE219/Spring2014/projects/hw5/pathXLevelEditor/src/pathX/level_editor/PXLE_Constants.java</file>
            <file>file:/C:/Users/Harrison/Documents/RTM/StonyBrook/Courses/CSE219/Spring2014/projects/hw5/pathXLevelEditor/src/pathX/level_editor/PathXLevelEditor.java</file>
            <file>file:/C:/Users/Harrison/Documents/RTM/StonyBrook/Courses/CSE219/Spring2014/projects/hw5/pathXLevelEditor/src/pathX/level_editor/model/PXLE_Level.java</file>
            <file>file:/C:/Users/Harrison/Documents/RTM/StonyBrook/Courses/CSE219/Spring2014/projects/hw5/pathXLevelEditor/data/levels/PathXLevelSchema.xsd</file>
            <file>file:/C:/Users/Harrison/Documents/RTM/StonyBrook/Courses/CSE219/Spring2014/projects/hw5/pathXLevelEditor/src/pathX/level_editor/controller/PXLE_SpinnerController.java</file>
            <file>file:/C:/Users/Harrison/Documents/RTM/StonyBrook/Courses/CSE219/Spring2014/projects/hw5/pathXLevelEditor/src/pathX/level_editor/controller/PXLE_EditLevelController.java</file>
            <file>file:/C:/Users/Harrison/Documents/RTM/StonyBrook/Courses/CSE219/Spring2014/projects/hw5/pathXLevelEditor/src/pathX/level_editor/model/Road.java</file>
            <file>file:/C:/Users/Harrison/Documents/RTM/StonyBrook/Courses/CSE219/Spring2014/projects/hw5/pathXLevelEditor/src/pathX/level_editor/controller/PXLE_ImageSelectController.java</file>
            <file>file:/C:/Users/Harrison/Documents/RTM/StonyBrook/Courses/CSE219/Spring2014/projects/hw5/pathXLevelEditor/src/pathX/level_editor/controller/PXLE_WindowController.java</file>
            <file>file:/C:/Users/Harrison/Documents/RTM/StonyBrook/Courses/CSE219/Spring2014/projects/hw5/pathXLevelEditor/src/pathX/level_editor/model/PXLE_EditMode.java</file>
            <file>file:/C:/Users/Harrison/Documents/RTM/StonyBrook/Courses/CSE219/Spring2014/projects/hw5/pathXLevelEditor/src/pathX/level_editor/files/PXLE_XMLLevelIO.java</file>
            <file>file:/C:/Users/Harrison/Documents/RTM/StonyBrook/Courses/CSE219/Spring2014/projects/hw5/pathXLevelEditor/src/pathX/level_editor/model/PXLE_Model.java</file>
            <file>file:/C:/Users/Harrison/Documents/RTM/StonyBrook/Courses/CSE219/Spring2014/projects/hw5/pathXLevelEditor/src/pathX/level_editor/view/PXLE_Canvas.java</file>
        </group>
    </open-files>
</project-private>
