<?xml version="1.0" encoding="UTF-8"?>
<!--
    The properties in this file are loaded when The Sorting Hat game application
    first loads. It should specify all that's needed to know to run a flavor of the
    game, like where to load the Harry Potter-related content.
-->
<properties>
    <property_list>    
        <property name="FILE_GAME_PROPERTIES"   value="./pathX/pathX_properties.xml"></property>
        <property name="PATH_IMG"               value="./img/"></property>
    </property_list>

      <property_options_list>
        <property_options name="LEVEL_OPTIONS">
            
        </property_options>
        <property_options name="LEVEL_IMAGE_OPTIONS">
       
        </property_options>
        <property_options name="LEVEL_MOUSE_OVER_IMAGE_OPTIONS">
           
        </property_options>
    </property_options_list>
</properties>